8,,,,,,,
,,,,,,,
Number of Runs,1,,,,,,
Warehouse Length,0,,,,,,
Warehouse Width,0,,,,,,
Runtime Duration,96360,,,,,,
Number of Planned Repair Jobs,8,,,,,,
Number of Unplanned Repair Jobs,150,,,,,,
,,,,,,,
Aircraft,,,,,,,
Run 1,,,,,,,
Type,Number,,,,,,
F-18,0,,,,,,
F-35,0,,,,,,
,,,,,,,
Missions,,,,,,,
Run 1,,,,,,,
,,,,,,,
Resources,,,,,,,
Run 1,,,,,,,
Resource, Initial Count, Utilization Hours, Utilization Percent, Number of Requests, Unsuccessful Requests,,
Mechanic,50,3853443,99.975171,74,42,,
Apprentice,6,-866848,-149.932199,36,0,,
QA Engineer,4,0,0,0,0,,
Lift,15,1155903,79.97115,24,0,,
Dolly,2,95314,49.457244,11,0,,
Crane,2,95280,49.439601,1,0,,
Workbench,4,0,0,0,0,,
Generator,22,576903,27.213433,105,0,,
Ladder,4,4,0.001038,3,0,,
Tripod Jack,42,3757041,92.832459,26,0,,
Large Toolbox,25,1339022,55.584143,73,0,,
Cockpit Pressure  Tester,1,0,0,0,0,,
Avionics Equipment Lift,1,0,0,0,0,,
Small Toolbox,9,288967,33.320303,3,0,,
Fuel Bowser,1,0,0,0,0,,
S Bay,10,0,0,0,0,,
M Bay,18,1653135,95.310122,44,0,,
L Bay,8,0,0,7,0,,
,,,,,,,
Resource Failure,,,,,,,
Run 1,,,,,,,
Resource,Failure,Date,Downtime,,,,
,,,,,,,
Resource Waits,,,,,,,
Run 1,,,,,,,
Aircraft Type,ID,Resource,Date Start,Start,Date End,End,Time
F-18,17,Mechanic,1.000000/2.000000/2020.000000,9,1.000000/2.000000/2020.000000,10,1
F-35,15,Mechanic,1.000000/2.000000/2020.000000,13,1.000000/2.000000/2020.000000,15,2
F-18,19,Mechanic,1.000000/2.000000/2020.000000,13,1.000000/2.000000/2020.000000,16,3
F-18,14,Mechanic,1.000000/2.000000/2020.000000,14,1.000000/2.000000/2020.000000,16,2
F-35,16,Mechanic,1.000000/2.000000/2020.000000,16,0.000000/0.000000/0.000000,0,-1
F-35,15,Mechanic,1.000000/2.000000/2020.000000,16,0.000000/0.000000/0.000000,0,-1
F-18,7,Mechanic,1.000000/2.000000/2020.000000,16,0.000000/0.000000/0.000000,0,-1
F-18,19,Mechanic,1.000000/2.000000/2020.000000,17,0.000000/0.000000/0.000000,0,-1
F-18,10,Mechanic,1.000000/2.000000/2020.000000,18,1.000000/2.000000/2020.000000,21,3
F-18,21,Mechanic,1.000000/2.000000/2020.000000,18,1.000000/2.000000/2020.000000,22,4
F-35,22,Mechanic,1.000000/2.000000/2020.000000,19,0.000000/0.000000/0.000000,0,-1
F-18,17,Mechanic,1.000000/2.000000/2020.000000,19,1.000000/2.000000/2020.000000,22,3
F-35,9,Mechanic,1.000000/2.000000/2020.000000,20,1.000000/2.000000/2020.000000,21,1
F-35,18,Mechanic,1.000000/2.000000/2020.000000,21,0.000000/0.000000/0.000000,0,-1
F-18,12,Mechanic,1.000000/2.000000/2020.000000,22,0.000000/0.000000/0.000000,0,-1
F-18,10,Mechanic,1.000000/2.000000/2020.000000,22,0.000000/0.000000/0.000000,0,-1
F-35,9,Mechanic,1.000000/2.000000/2020.000000,22,0.000000/0.000000/0.000000,0,-1
F-35,23,Mechanic,1.000000/3.000000/2020.000000,0,0.000000/0.000000/0.000000,0,-1
F-18,17,Mechanic,1.000000/3.000000/2020.000000,0,0.000000/0.000000/0.000000,0,-1
F-18,24,Mechanic,1.000000/3.000000/2020.000000,0,0.000000/0.000000/0.000000,0,-1
F-35,20,Mechanic,1.000000/3.000000/2020.000000,3,0.000000/0.000000/0.000000,0,-1
F-18,25,Mechanic,1.000000/3.000000/2020.000000,7,0.000000/0.000000/0.000000,0,-1
F-18,14,Mechanic,1.000000/3.000000/2020.000000,8,0.000000/0.000000/0.000000,0,-1
F-18,26,Mechanic,1.000000/3.000000/2020.000000,14,0.000000/0.000000/0.000000,0,-1
F-35,11,Mechanic,1.000000/3.000000/2020.000000,17,0.000000/0.000000/0.000000,0,-1
F-35,13,Mechanic,1.000000/3.000000/2020.000000,18,0.000000/0.000000/0.000000,0,-1
F-35,8,Mechanic,1.000000/3.000000/2020.000000,19,0.000000/0.000000/0.000000,0,-1
F-18,21,Mechanic,1.000000/3.000000/2020.000000,23,0.000000/0.000000/0.000000,0,-1
F-35,4,Mechanic,2.000000/9.000000/2020.000000,0,0.000000/0.000000/0.000000,0,-1
F-35,5,Mechanic,2.000000/9.000000/2020.000000,0,0.000000/0.000000/0.000000,0,-1
F-18,3,Mechanic,2.000000/15.000000/2020.000000,0,0.000000/0.000000/0.000000,0,-1
F-18,6,Mechanic,2.000000/15.000000/2020.000000,0,0.000000/0.000000/0.000000,0,-1
F-35,27,Mechanic,1.000000/1.000000/2021.000000,0,0.000000/0.000000/0.000000,0,-1
F-35,28,Mechanic,1.000000/1.000000/2022.000000,0,0.000000/0.000000/0.000000,0,-1
F-35,29,Mechanic,1.000000/1.000000/2023.000000,0,0.000000/0.000000/0.000000,0,-1
F-35,30,Mechanic,1.000000/1.000000/2024.000000,0,0.000000/0.000000/0.000000,0,-1
F-35,31,Mechanic,1.000000/1.000000/2025.000000,0,0.000000/0.000000/0.000000,0,-1
F-35,32,Mechanic,1.000000/1.000000/2026.000000,0,0.000000/0.000000/0.000000,0,-1
F-35,33,Mechanic,1.000000/1.000000/2027.000000,0,0.000000/0.000000/0.000000,0,-1
F-35,34,Mechanic,1.000000/1.000000/2028.000000,0,0.000000/0.000000/0.000000,0,-1
F-35,35,Mechanic,1.000000/1.000000/2029.000000,0,0.000000/0.000000/0.000000,0,-1
F-35,36,Mechanic,1.000000/1.000000/2030.000000,0,0.000000/0.000000/0.000000,0,-1
,,,,,,,
Aircraft Wait,,,,,,,
Run 1,,,,,,,
ID,Type,Location,Date Begin,Time Begin,Date End,Time End,Wait Time
7,F-18,Bay,1.000000/1.000000/2020.000000,3,1.000000/1.000000/2020.000000,3,0
8,F-35,Bay,1.000000/1.000000/2020.000000,4,1.000000/1.000000/2020.000000,4,0
7,F-18,Bay,1.000000/1.000000/2020.000000,4,1.000000/1.000000/2020.000000,4,0
8,F-35,Bay,1.000000/1.000000/2020.000000,5,1.000000/1.000000/2020.000000,5,0
7,F-18,Bay,1.000000/1.000000/2020.000000,5,1.000000/1.000000/2020.000000,5,0
8,F-35,Bay,1.000000/1.000000/2020.000000,6,1.000000/1.000000/2020.000000,6,0
7,F-18,Bay,1.000000/1.000000/2020.000000,6,1.000000/1.000000/2020.000000,6,0
8,F-35,Bay,1.000000/1.000000/2020.000000,7,1.000000/1.000000/2020.000000,7,0
7,F-18,Bay,1.000000/1.000000/2020.000000,7,1.000000/1.000000/2020.000000,7,0
8,F-35,Bay,1.000000/1.000000/2020.000000,8,1.000000/1.000000/2020.000000,8,0
9,F-35,Bay,1.000000/1.000000/2020.000000,9,1.000000/1.000000/2020.000000,9,0
8,F-35,Bay,1.000000/1.000000/2020.000000,9,1.000000/1.000000/2020.000000,9,0
10,F-18,Bay,1.000000/1.000000/2020.000000,9,1.000000/1.000000/2020.000000,9,0
7,F-18,Bay,1.000000/1.000000/2020.000000,10,1.000000/1.000000/2020.000000,11,1
9,F-35,Bay,1.000000/1.000000/2020.000000,10,1.000000/1.000000/2020.000000,10,0
8,F-35,Bay,1.000000/1.000000/2020.000000,10,1.000000/1.000000/2020.000000,10,0
10,F-18,Bay,1.000000/1.000000/2020.000000,10,1.000000/1.000000/2020.000000,10,0
7,F-18,Bay,1.000000/1.000000/2020.000000,11,1.000000/1.000000/2020.000000,11,0
9,F-35,Bay,1.000000/1.000000/2020.000000,11,1.000000/1.000000/2020.000000,11,0
10,F-18,Bay,1.000000/1.000000/2020.000000,11,1.000000/1.000000/2020.000000,11,0
9,F-35,Bay,1.000000/1.000000/2020.000000,12,1.000000/1.000000/2020.000000,12,0
10,F-18,Bay,1.000000/1.000000/2020.000000,12,1.000000/1.000000/2020.000000,12,0
11,F-35,Bay,1.000000/1.000000/2020.000000,13,1.000000/1.000000/2020.000000,13,0
8,F-35,Bay,1.000000/1.000000/2020.000000,13,1.000000/1.000000/2020.000000,17,4
9,F-35,Bay,1.000000/1.000000/2020.000000,13,1.000000/1.000000/2020.000000,13,0
10,F-18,Bay,1.000000/1.000000/2020.000000,13,1.000000/1.000000/2020.000000,17,4
7,F-18,Bay,1.000000/1.000000/2020.000000,14,1.000000/1.000000/2020.000000,14,0
11,F-35,Bay,1.000000/1.000000/2020.000000,14,1.000000/1.000000/2020.000000,14,0
9,F-35,Bay,1.000000/1.000000/2020.000000,14,1.000000/1.000000/2020.000000,14,0
7,F-18,Bay,1.000000/1.000000/2020.000000,15,1.000000/1.000000/2020.000000,15,0
11,F-35,Bay,1.000000/1.000000/2020.000000,15,1.000000/1.000000/2020.000000,15,0
9,F-35,Bay,1.000000/1.000000/2020.000000,15,1.000000/1.000000/2020.000000,22,7
7,F-18,Bay,1.000000/1.000000/2020.000000,16,1.000000/1.000000/2020.000000,16,0
11,F-35,Bay,1.000000/1.000000/2020.000000,16,1.000000/1.000000/2020.000000,16,0
12,F-18,Bay,1.000000/1.000000/2020.000000,16,1.000000/1.000000/2020.000000,16,0
8,F-35,Bay,1.000000/1.000000/2020.000000,17,1.000000/1.000000/2020.000000,17,0
10,F-18,Bay,1.000000/1.000000/2020.000000,17,1.000000/1.000000/2020.000000,17,0
7,F-18,Bay,1.000000/1.000000/2020.000000,17,1.000000/1.000000/2020.000000,17,0
11,F-35,Bay,1.000000/1.000000/2020.000000,17,1.000000/1.000000/2020.000000,17,0
12,F-18,Bay,1.000000/1.000000/2020.000000,17,1.000000/1.000000/2020.000000,17,0
11,F-35,Bay,1.000000/1.000000/2020.000000,18,1.000000/1.000000/2020.000000,18,0
12,F-18,Bay,1.000000/1.000000/2020.000000,18,1.000000/1.000000/2020.000000,18,0
13,F-35,Bay,1.000000/1.000000/2020.000000,19,1.000000/1.000000/2020.000000,19,0
8,F-35,Bay,1.000000/1.000000/2020.000000,19,1.000000/1.000000/2020.000000,19,0
10,F-18,Bay,1.000000/1.000000/2020.000000,19,1.000000/1.000000/2020.000000,19,0
7,F-18,Bay,1.000000/1.000000/2020.000000,19,1.000000/1.000000/2020.000000,19,0
11,F-35,Bay,1.000000/1.000000/2020.000000,19,1.000000/1.000000/2020.000000,22,3
12,F-18,Bay,1.000000/1.000000/2020.000000,19,1.000000/1.000000/2020.000000,19,0
13,F-35,Bay,1.000000/1.000000/2020.000000,20,1.000000/1.000000/2020.000000,20,0
8,F-35,Bay,1.000000/1.000000/2020.000000,20,1.000000/1.000000/2020.000000,20,0
12,F-18,Bay,1.000000/1.000000/2020.000000,20,1.000000/1.000000/2020.000000,23,3
10,F-18,Bay,1.000000/1.000000/2020.000000,21,1.000000/1.000000/2020.000000,21,0
13,F-35,Bay,1.000000/1.000000/2020.000000,21,1.000000/1.000000/2020.000000,21,0
8,F-35,Bay,1.000000/1.000000/2020.000000,21,1.000000/1.000000/2020.000000,21,0
9,F-35,Bay,1.000000/1.000000/2020.000000,22,1.000000/1.000000/2020.000000,22,0
11,F-35,Bay,1.000000/1.000000/2020.000000,22,1.000000/1.000000/2020.000000,22,0
10,F-18,Bay,1.000000/1.000000/2020.000000,22,1.000000/1.000000/2020.000000,22,0
13,F-35,Bay,1.000000/1.000000/2020.000000,22,1.000000/1.000000/2020.000000,22,0
8,F-35,Bay,1.000000/1.000000/2020.000000,22,1.000000/1.000000/2020.000000,22,0
12,F-18,Bay,1.000000/1.000000/2020.000000,23,1.000000/1.000000/2020.000000,23,0
7,F-18,Bay,1.000000/1.000000/2020.000000,23,1.000000/1.000000/2020.000000,23,0
13,F-35,Bay,1.000000/1.000000/2020.000000,23,1.000000/1.000000/2020.000000,23,0
8,F-35,Bay,1.000000/1.000000/2020.000000,23,1.000000/1.000000/2020.000000,23,0
14,F-18,Bay,1.000000/2.000000/2020.000000,0,1.000000/2.000000/2020.000000,0,0
15,F-35,Bay,1.000000/2.000000/2020.000000,0,1.000000/2.000000/2020.000000,0,0
9,F-35,Bay,1.000000/2.000000/2020.000000,0,1.000000/2.000000/2020.000000,2,2
10,F-18,Bay,1.000000/2.000000/2020.000000,0,1.000000/2.000000/2020.000000,0,0
13,F-35,Bay,1.000000/2.000000/2020.000000,0,1.000000/2.000000/2020.000000,0,0
11,F-35,Bay,1.000000/2.000000/2020.000000,1,1.000000/2.000000/2020.000000,3,2
12,F-18,Bay,1.000000/2.000000/2020.000000,1,1.000000/2.000000/2020.000000,1,0
14,F-18,Bay,1.000000/2.000000/2020.000000,1,1.000000/2.000000/2020.000000,1,0
15,F-35,Bay,1.000000/2.000000/2020.000000,1,1.000000/2.000000/2020.000000,1,0
10,F-18,Bay,1.000000/2.000000/2020.000000,1,1.000000/2.000000/2020.000000,1,0
13,F-35,Bay,1.000000/2.000000/2020.000000,1,1.000000/2.000000/2020.000000,4,3
9,F-35,Bay,1.000000/2.000000/2020.000000,2,1.000000/2.000000/2020.000000,2,0
7,F-18,Bay,1.000000/2.000000/2020.000000,2,1.000000/2.000000/2020.000000,2,0
14,F-18,Bay,1.000000/2.000000/2020.000000,2,1.000000/2.000000/2020.000000,2,0
15,F-35,Bay,1.000000/2.000000/2020.000000,2,1.000000/2.000000/2020.000000,2,0
11,F-35,Bay,1.000000/2.000000/2020.000000,3,1.000000/2.000000/2020.000000,3,0
12,F-18,Bay,1.000000/2.000000/2020.000000,3,1.000000/2.000000/2020.000000,3,0
10,F-18,Bay,1.000000/2.000000/2020.000000,3,1.000000/2.000000/2020.000000,3,0
14,F-18,Bay,1.000000/2.000000/2020.000000,3,1.000000/2.000000/2020.000000,3,0
15,F-35,Bay,1.000000/2.000000/2020.000000,3,1.000000/2.000000/2020.000000,3,0
13,F-35,Bay,1.000000/2.000000/2020.000000,4,1.000000/2.000000/2020.000000,4,0
16,F-35,Bay,1.000000/2.000000/2020.000000,4,1.000000/2.000000/2020.000000,4,0
9,F-35,Bay,1.000000/2.000000/2020.000000,4,1.000000/2.000000/2020.000000,4,0
12,F-18,Bay,1.000000/2.000000/2020.000000,4,1.000000/2.000000/2020.000000,4,0
14,F-18,Bay,1.000000/2.000000/2020.000000,4,1.000000/2.000000/2020.000000,4,0
15,F-35,Bay,1.000000/2.000000/2020.000000,4,1.000000/2.000000/2020.000000,4,0
16,F-35,Bay,1.000000/2.000000/2020.000000,5,1.000000/2.000000/2020.000000,5,0
9,F-35,Bay,1.000000/2.000000/2020.000000,5,1.000000/2.000000/2020.000000,5,0
12,F-18,Bay,1.000000/2.000000/2020.000000,5,1.000000/2.000000/2020.000000,5,0
15,F-35,Bay,1.000000/2.000000/2020.000000,5,1.000000/2.000000/2020.000000,5,0
7,F-18,Bay,1.000000/2.000000/2020.000000,6,1.000000/2.000000/2020.000000,6,0
11,F-35,Bay,1.000000/2.000000/2020.000000,6,1.000000/2.000000/2020.000000,6,0
10,F-18,Bay,1.000000/2.000000/2020.000000,6,1.000000/2.000000/2020.000000,6,0
13,F-35,Bay,1.000000/2.000000/2020.000000,6,1.000000/2.000000/2020.000000,6,0
16,F-35,Bay,1.000000/2.000000/2020.000000,6,1.000000/2.000000/2020.000000,6,0
9,F-35,Bay,1.000000/2.000000/2020.000000,6,1.000000/2.000000/2020.000000,6,0
15,F-35,Bay,1.000000/2.000000/2020.000000,6,1.000000/2.000000/2020.000000,7,1
15,F-35,Bay,1.000000/2.000000/2020.000000,7,1.000000/2.000000/2020.000000,7,0
12,F-18,Bay,1.000000/2.000000/2020.000000,7,1.000000/2.000000/2020.000000,7,0
11,F-35,Bay,1.000000/2.000000/2020.000000,7,1.000000/2.000000/2020.000000,7,0
16,F-35,Bay,1.000000/2.000000/2020.000000,7,1.000000/2.000000/2020.000000,7,0
9,F-35,Bay,1.000000/2.000000/2020.000000,7,1.000000/2.000000/2020.000000,7,0
14,F-18,Bay,1.000000/2.000000/2020.000000,8,1.000000/2.000000/2020.000000,8,0
10,F-18,Bay,1.000000/2.000000/2020.000000,8,1.000000/2.000000/2020.000000,8,0
13,F-35,Bay,1.000000/2.000000/2020.000000,8,1.000000/2.000000/2020.000000,8,0
12,F-18,Bay,1.000000/2.000000/2020.000000,8,1.000000/2.000000/2020.000000,8,0
11,F-35,Bay,1.000000/2.000000/2020.000000,8,1.000000/2.000000/2020.000000,8,0
16,F-35,Bay,1.000000/2.000000/2020.000000,8,1.000000/2.000000/2020.000000,8,0
9,F-35,Bay,1.000000/2.000000/2020.000000,8,1.000000/2.000000/2020.000000,8,0
17,F-18,Bay,1.000000/2.000000/2020.000000,8,1.000000/2.000000/2020.000000,8,0
18,F-35,Bay,1.000000/2.000000/2020.000000,9,1.000000/2.000000/2020.000000,9,0
7,F-18,Bay,1.000000/2.000000/2020.000000,9,1.000000/2.000000/2020.000000,9,0
15,F-35,Bay,1.000000/2.000000/2020.000000,9,1.000000/2.000000/2020.000000,9,0
13,F-35,Bay,1.000000/2.000000/2020.000000,9,1.000000/2.000000/2020.000000,9,0
11,F-35,Bay,1.000000/2.000000/2020.000000,9,1.000000/2.000000/2020.000000,9,0
16,F-35,Bay,1.000000/2.000000/2020.000000,9,1.000000/2.000000/2020.000000,9,0
9,F-35,Bay,1.000000/2.000000/2020.000000,9,1.000000/2.000000/2020.000000,9,0
17,F-18,Bay,1.000000/2.000000/2020.000000,9,1.000000/2.000000/2020.000000,10,1
17,F-18,Bay,1.000000/2.000000/2020.000000,10,1.000000/2.000000/2020.000000,10,0
14,F-18,Bay,1.000000/2.000000/2020.000000,10,1.000000/2.000000/2020.000000,10,0
18,F-35,Bay,1.000000/2.000000/2020.000000,10,1.000000/2.000000/2020.000000,10,0
7,F-18,Bay,1.000000/2.000000/2020.000000,10,1.000000/2.000000/2020.000000,10,0
13,F-35,Bay,1.000000/2.000000/2020.000000,10,1.000000/2.000000/2020.000000,10,0
11,F-35,Bay,1.000000/2.000000/2020.000000,10,1.000000/2.000000/2020.000000,10,0
16,F-35,Bay,1.000000/2.000000/2020.000000,10,1.000000/2.000000/2020.000000,10,0
9,F-35,Bay,1.000000/2.000000/2020.000000,10,1.000000/2.000000/2020.000000,10,0
7,F-18,Bay,1.000000/2.000000/2020.000000,10,1.000000/2.000000/2020.000000,10,0
12,F-18,Bay,1.000000/2.000000/2020.000000,11,1.000000/2.000000/2020.000000,11,0
17,F-18,Bay,1.000000/2.000000/2020.000000,11,1.000000/2.000000/2020.000000,11,0
14,F-18,Bay,1.000000/2.000000/2020.000000,11,1.000000/2.000000/2020.000000,11,0
18,F-35,Bay,1.000000/2.000000/2020.000000,11,1.000000/2.000000/2020.000000,11,0
13,F-35,Bay,1.000000/2.000000/2020.000000,11,1.000000/2.000000/2020.000000,11,0
11,F-35,Bay,1.000000/2.000000/2020.000000,11,1.000000/2.000000/2020.000000,11,0
9,F-35,Bay,1.000000/2.000000/2020.000000,11,1.000000/2.000000/2020.000000,11,0
7,F-18,Bay,1.000000/2.000000/2020.000000,11,1.000000/2.000000/2020.000000,11,0
15,F-35,Bay,1.000000/2.000000/2020.000000,12,1.000000/2.000000/2020.000000,12,0
17,F-18,Bay,1.000000/2.000000/2020.000000,12,1.000000/2.000000/2020.000000,12,0
14,F-18,Bay,1.000000/2.000000/2020.000000,12,1.000000/2.000000/2020.000000,12,0
18,F-35,Bay,1.000000/2.000000/2020.000000,12,1.000000/2.000000/2020.000000,12,0
13,F-35,Bay,1.000000/2.000000/2020.000000,12,1.000000/2.000000/2020.000000,12,0
11,F-35,Bay,1.000000/2.000000/2020.000000,12,1.000000/2.000000/2020.000000,12,0
9,F-35,Bay,1.000000/2.000000/2020.000000,12,1.000000/2.000000/2020.000000,12,0
7,F-18,Bay,1.000000/2.000000/2020.000000,12,1.000000/2.000000/2020.000000,12,0
10,F-18,Bay,1.000000/2.000000/2020.000000,13,1.000000/2.000000/2020.000000,13,0
16,F-35,Bay,1.000000/2.000000/2020.000000,13,1.000000/2.000000/2020.000000,13,0
12,F-18,Bay,1.000000/2.000000/2020.000000,13,1.000000/2.000000/2020.000000,13,0
15,F-35,Bay,1.000000/2.000000/2020.000000,13,1.000000/2.000000/2020.000000,13,0
17,F-18,Bay,1.000000/2.000000/2020.000000,13,1.000000/2.000000/2020.000000,13,0
18,F-35,Bay,1.000000/2.000000/2020.000000,13,1.000000/2.000000/2020.000000,13,0
13,F-35,Bay,1.000000/2.000000/2020.000000,13,1.000000/2.000000/2020.000000,13,0
11,F-35,Bay,1.000000/2.000000/2020.000000,13,1.000000/2.000000/2020.000000,13,0
9,F-35,Bay,1.000000/2.000000/2020.000000,13,1.000000/2.000000/2020.000000,19,6
7,F-18,Bay,1.000000/2.000000/2020.000000,13,1.000000/2.000000/2020.000000,13,0
19,F-18,Bay,1.000000/2.000000/2020.000000,13,1.000000/2.000000/2020.000000,16,3
14,F-18,Bay,1.000000/2.000000/2020.000000,14,1.000000/2.000000/2020.000000,16,2
18,F-35,Bay,1.000000/2.000000/2020.000000,14,1.000000/2.000000/2020.000000,14,0
13,F-35,Bay,1.000000/2.000000/2020.000000,14,1.000000/2.000000/2020.000000,14,0
11,F-35,Bay,1.000000/2.000000/2020.000000,14,1.000000/3.000000/2020.000000,5,15
7,F-18,Bay,1.000000/2.000000/2020.000000,14,1.000000/2.000000/2020.000000,14,0
15,F-35,Bay,1.000000/2.000000/2020.000000,15,1.000000/2.000000/2020.000000,15,0
20,F-35,Bay,1.000000/2.000000/2020.000000,15,1.000000/2.000000/2020.000000,15,0
18,F-35,Bay,1.000000/2.000000/2020.000000,15,1.000000/2.000000/2020.000000,15,0
13,F-35,Bay,1.000000/2.000000/2020.000000,15,1.000000/2.000000/2020.000000,15,0
7,F-18,Bay,1.000000/2.000000/2020.000000,15,1.000000/2.000000/2020.000000,15,0
14,F-18,Bay,1.000000/2.000000/2020.000000,16,1.000000/2.000000/2020.000000,16,0
19,F-18,Bay,1.000000/2.000000/2020.000000,16,1.000000/2.000000/2020.000000,16,0
10,F-18,Bay,1.000000/2.000000/2020.000000,16,1.000000/2.000000/2020.000000,16,0
16,F-35,Bay,1.000000/2.000000/2020.000000,16,1.000000/2.000000/2020.000000,16,0
17,F-18,Bay,1.000000/2.000000/2020.000000,16,1.000000/2.000000/2020.000000,16,0
15,F-35,Bay,1.000000/2.000000/2020.000000,16,0.000000/0.000000/0.000000,0,-1
20,F-35,Bay,1.000000/2.000000/2020.000000,16,1.000000/2.000000/2020.000000,16,0
13,F-35,Bay,1.000000/2.000000/2020.000000,16,1.000000/3.000000/2020.000000,5,13
7,F-18,Bay,1.000000/2.000000/2020.000000,16,1.000000/2.000000/2020.000000,16,0
12,F-18,Bay,1.000000/2.000000/2020.000000,17,1.000000/2.000000/2020.000000,17,0
14,F-18,Bay,1.000000/2.000000/2020.000000,17,1.000000/2.000000/2020.000000,17,0
19,F-18,Bay,1.000000/2.000000/2020.000000,17,0.000000/0.000000/0.000000,0,-1
20,F-35,Bay,1.000000/2.000000/2020.000000,17,1.000000/2.000000/2020.000000,17,0
18,F-35,Bay,1.000000/2.000000/2020.000000,18,1.000000/2.000000/2020.000000,18,0
10,F-18,Bay,1.000000/2.000000/2020.000000,18,1.000000/2.000000/2020.000000,18,0
20,F-35,Bay,1.000000/2.000000/2020.000000,18,1.000000/2.000000/2020.000000,18,0
21,F-18,Bay,1.000000/2.000000/2020.000000,18,1.000000/2.000000/2020.000000,22,4
9,F-35,Bay,1.000000/2.000000/2020.000000,19,1.000000/2.000000/2020.000000,19,0
22,F-35,Bay,1.000000/2.000000/2020.000000,19,0.000000/0.000000/0.000000,0,-1
17,F-18,Bay,1.000000/2.000000/2020.000000,19,1.000000/2.000000/2020.000000,19,0
14,F-18,Bay,1.000000/2.000000/2020.000000,19,1.000000/2.000000/2020.000000,19,0
20,F-35,Bay,1.000000/2.000000/2020.000000,19,1.000000/2.000000/2020.000000,19,0
9,F-35,Bay,1.000000/2.000000/2020.000000,20,1.000000/2.000000/2020.000000,20,0
20,F-35,Bay,1.000000/2.000000/2020.000000,20,1.000000/2.000000/2020.000000,20,0
10,F-18,Bay,1.000000/2.000000/2020.000000,21,1.000000/2.000000/2020.000000,21,0
9,F-35,Bay,1.000000/2.000000/2020.000000,21,1.000000/2.000000/2020.000000,21,0
18,F-35,Bay,1.000000/2.000000/2020.000000,21,1.000000/2.000000/2020.000000,21,0
20,F-35,Bay,1.000000/2.000000/2020.000000,21,1.000000/2.000000/2020.000000,21,0
21,F-18,Bay,1.000000/2.000000/2020.000000,22,1.000000/2.000000/2020.000000,22,0
17,F-18,Bay,1.000000/2.000000/2020.000000,22,1.000000/2.000000/2020.000000,22,0
12,F-18,Bay,1.000000/2.000000/2020.000000,22,1.000000/2.000000/2020.000000,22,0
14,F-18,Bay,1.000000/2.000000/2020.000000,22,1.000000/2.000000/2020.000000,22,0
10,F-18,Bay,1.000000/2.000000/2020.000000,22,0.000000/0.000000/0.000000,0,-1
9,F-35,Bay,1.000000/2.000000/2020.000000,22,1.000000/2.000000/2020.000000,22,0
8,F-35,Bay,1.000000/3.000000/2020.000000,0,1.000000/3.000000/2020.000000,0,0
23,F-35,Bay,1.000000/3.000000/2020.000000,0,0.000000/0.000000/0.000000,0,-1
20,F-35,Bay,1.000000/3.000000/2020.000000,0,1.000000/3.000000/2020.000000,0,0
17,F-18,Bay,1.000000/3.000000/2020.000000,0,1.000000/3.000000/2020.000000,0,0
24,F-18,Bay,1.000000/3.000000/2020.000000,0,0.000000/0.000000/0.000000,0,-1
8,F-35,Bay,1.000000/3.000000/2020.000000,1,1.000000/3.000000/2020.000000,1,0
8,F-35,Bay,1.000000/3.000000/2020.000000,2,1.000000/3.000000/2020.000000,2,0
20,F-35,Bay,1.000000/3.000000/2020.000000,3,1.000000/3.000000/2020.000000,3,0
8,F-35,Bay,1.000000/3.000000/2020.000000,3,1.000000/3.000000/2020.000000,15,12
14,F-18,Bay,1.000000/3.000000/2020.000000,4,1.000000/3.000000/2020.000000,4,0
11,F-35,Bay,1.000000/3.000000/2020.000000,5,1.000000/3.000000/2020.000000,5,0
13,F-35,Bay,1.000000/3.000000/2020.000000,5,1.000000/3.000000/2020.000000,5,0
11,F-35,Bay,1.000000/3.000000/2020.000000,6,1.000000/3.000000/2020.000000,16,10
13,F-35,Bay,1.000000/3.000000/2020.000000,6,1.000000/3.000000/2020.000000,17,11
25,F-18,Bay,1.000000/3.000000/2020.000000,7,0.000000/0.000000/0.000000,0,-1
14,F-18,Bay,1.000000/3.000000/2020.000000,8,1.000000/3.000000/2020.000000,8,0
26,F-18,Bay,1.000000/3.000000/2020.000000,14,0.000000/0.000000/0.000000,0,-1
8,F-35,Bay,1.000000/3.000000/2020.000000,15,1.000000/3.000000/2020.000000,15,0
11,F-35,Bay,1.000000/3.000000/2020.000000,16,1.000000/3.000000/2020.000000,16,0
8,F-35,Bay,1.000000/3.000000/2020.000000,16,1.000000/3.000000/2020.000000,18,2
13,F-35,Bay,1.000000/3.000000/2020.000000,17,1.000000/3.000000/2020.000000,17,0
11,F-35,Bay,1.000000/3.000000/2020.000000,17,1.000000/3.000000/2020.000000,17,0
8,F-35,Bay,1.000000/3.000000/2020.000000,18,1.000000/3.000000/2020.000000,18,0
13,F-35,Bay,1.000000/3.000000/2020.000000,18,1.000000/3.000000/2020.000000,18,0
8,F-35,Bay,1.000000/3.000000/2020.000000,19,1.000000/3.000000/2020.000000,19,0
21,F-18,Bay,1.000000/3.000000/2020.000000,23,0.000000/0.000000/0.000000,0,-1
4,F-35,Bay,2.000000/9.000000/2020.000000,0,0.000000/0.000000/0.000000,0,-1
5,F-35,Bay,2.000000/9.000000/2020.000000,0,0.000000/0.000000/0.000000,0,-1
3,F-18,Bay,2.000000/15.000000/2020.000000,0,0.000000/0.000000/0.000000,0,-1
6,F-18,Bay,2.000000/15.000000/2020.000000,0,0.000000/0.000000/0.000000,0,-1
27,F-35,Bay,1.000000/1.000000/2021.000000,0,0.000000/0.000000/0.000000,0,-1
28,F-35,Bay,1.000000/1.000000/2022.000000,0,0.000000/0.000000/0.000000,0,-1
29,F-35,Bay,1.000000/1.000000/2023.000000,0,0.000000/0.000000/0.000000,0,-1
30,F-35,Bay,1.000000/1.000000/2024.000000,0,0.000000/0.000000/0.000000,0,-1
31,F-35,Bay,1.000000/1.000000/2025.000000,0,0.000000/0.000000/0.000000,0,-1
32,F-35,Bay,1.000000/1.000000/2026.000000,0,0.000000/0.000000/0.000000,0,-1
33,F-35,Bay,1.000000/1.000000/2027.000000,0,0.000000/0.000000/0.000000,0,-1
34,F-35,Bay,1.000000/1.000000/2028.000000,0,0.000000/0.000000/0.000000,0,-1
35,F-35,Bay,1.000000/1.000000/2029.000000,0,0.000000/0.000000/0.000000,0,-1
36,F-35,Bay,1.000000/1.000000/2030.000000,0,0.000000/0.000000/0.000000,0,-1
,,,,,,,
Repair Jobs,,,,,,,
Run 1,,,,,,,
ID,Type,Job,Date Start,Start,Date Finish,Finish,Duration
7,F-18,Main Gearbox Assembly - Replace,1.000000/1.000000/2020.000000,3,1.000000/1.000000/2020.000000,14,11
8,F-35,LH MLG Drage Brace Assy - Replace,1.000000/1.000000/2020.000000,4,1.000000/1.000000/2020.000000,19,15
7,F-18,Main Gearbox Assembly - Replace,1.000000/1.000000/2020.000000,4,1.000000/1.000000/2020.000000,14,10
8,F-35,LH MLG Drage Brace Assy - Replace,1.000000/1.000000/2020.000000,5,1.000000/1.000000/2020.000000,19,14
7,F-18,Main Gearbox Assembly - Replace,1.000000/1.000000/2020.000000,5,1.000000/1.000000/2020.000000,14,9
8,F-35,LH MLG Drage Brace Assy - Replace,1.000000/1.000000/2020.000000,6,1.000000/1.000000/2020.000000,19,13
7,F-18,Main Gearbox Assembly - Replace,1.000000/1.000000/2020.000000,6,1.000000/1.000000/2020.000000,14,8
8,F-35,LH MLG Drage Brace Assy - Replace,1.000000/1.000000/2020.000000,7,1.000000/1.000000/2020.000000,19,12
7,F-18,Main Gearbox Assembly - Replace,1.000000/1.000000/2020.000000,7,1.000000/1.000000/2020.000000,14,7
8,F-35,LH MLG Drage Brace Assy - Replace,1.000000/1.000000/2020.000000,8,1.000000/1.000000/2020.000000,19,11
9,F-35,LH MLG Drage Brace Assy - Replace,1.000000/1.000000/2020.000000,9,1.000000/2.000000/2020.000000,4,19
8,F-35,LH MLG Drage Brace Assy - Replace,1.000000/1.000000/2020.000000,9,1.000000/1.000000/2020.000000,19,10
10,F-18,Main Gearbox Assembly - Replace,1.000000/1.000000/2020.000000,9,1.000000/1.000000/2020.000000,21,12
7,F-18,Main Gearbox Assembly - Replace,1.000000/1.000000/2020.000000,10,1.000000/1.000000/2020.000000,14,4
9,F-35,LH MLG Drage Brace Assy - Replace,1.000000/1.000000/2020.000000,10,1.000000/2.000000/2020.000000,4,18
8,F-35,LH MLG Drage Brace Assy - Replace,1.000000/1.000000/2020.000000,10,1.000000/1.000000/2020.000000,19,9
10,F-18,Main Gearbox Assembly - Replace,1.000000/1.000000/2020.000000,10,1.000000/1.000000/2020.000000,21,11
7,F-18,Main Gearbox Assembly - Replace,1.000000/1.000000/2020.000000,11,1.000000/1.000000/2020.000000,14,3
9,F-35,LH MLG Drage Brace Assy - Replace,1.000000/1.000000/2020.000000,11,1.000000/2.000000/2020.000000,4,17
10,F-18,Main Gearbox Assembly - Replace,1.000000/1.000000/2020.000000,11,1.000000/1.000000/2020.000000,21,10
9,F-35,LH MLG Drage Brace Assy - Replace,1.000000/1.000000/2020.000000,12,1.000000/2.000000/2020.000000,4,16
10,F-18,Main Gearbox Assembly - Replace,1.000000/1.000000/2020.000000,12,1.000000/1.000000/2020.000000,21,9
11,F-35,LH MLG Drage Brace Assy - Replace,1.000000/1.000000/2020.000000,13,1.000000/2.000000/2020.000000,6,17
8,F-35,LH MLG Drage Brace Assy - Replace,1.000000/1.000000/2020.000000,13,1.000000/1.000000/2020.000000,19,6
9,F-35,LH MLG Drage Brace Assy - Replace,1.000000/1.000000/2020.000000,13,1.000000/2.000000/2020.000000,4,15
10,F-18,Main Gearbox Assembly - Replace,1.000000/1.000000/2020.000000,13,1.000000/1.000000/2020.000000,21,8
7,F-18,Main Gearbox Assembly - Replace,1.000000/1.000000/2020.000000,14,1.000000/1.000000/2020.000000,14,0
11,F-35,LH MLG Drage Brace Assy - Replace,1.000000/1.000000/2020.000000,14,1.000000/2.000000/2020.000000,6,16
9,F-35,LH MLG Drage Brace Assy - Replace,1.000000/1.000000/2020.000000,14,1.000000/2.000000/2020.000000,4,14
7,F-18,Main Gearbox Assembly - Replace,1.000000/1.000000/2020.000000,15,1.000000/1.000000/2020.000000,15,0
11,F-35,LH MLG Drage Brace Assy - Replace,1.000000/1.000000/2020.000000,15,1.000000/2.000000/2020.000000,6,15
9,F-35,LH MLG Drage Brace Assy - Replace,1.000000/1.000000/2020.000000,15,1.000000/2.000000/2020.000000,4,13
7,F-18,Horizontal Tail Actuator - Repair,1.000000/1.000000/2020.000000,16,1.000000/2.000000/2020.000000,9,17
11,F-35,LH MLG Drage Brace Assy - Replace,1.000000/1.000000/2020.000000,16,1.000000/2.000000/2020.000000,6,14
12,F-18,Main Gearbox Assembly - Replace,1.000000/1.000000/2020.000000,16,1.000000/2.000000/2020.000000,3,11
8,F-35,LH MLG Drage Brace Assy - Replace,1.000000/1.000000/2020.000000,17,1.000000/1.000000/2020.000000,19,2
10,F-18,Main Gearbox Assembly - Replace,1.000000/1.000000/2020.000000,17,1.000000/1.000000/2020.000000,21,4
7,F-18,Horizontal Tail Actuator - Repair,1.000000/1.000000/2020.000000,17,1.000000/2.000000/2020.000000,9,16
11,F-35,LH MLG Drage Brace Assy - Replace,1.000000/1.000000/2020.000000,17,1.000000/2.000000/2020.000000,6,13
12,F-18,Main Gearbox Assembly - Replace,1.000000/1.000000/2020.000000,17,1.000000/2.000000/2020.000000,3,10
11,F-35,LH MLG Drage Brace Assy - Replace,1.000000/1.000000/2020.000000,18,1.000000/2.000000/2020.000000,6,12
12,F-18,Main Gearbox Assembly - Replace,1.000000/1.000000/2020.000000,18,1.000000/2.000000/2020.000000,3,9
13,F-35,LH MLG Drage Brace Assy - Replace,1.000000/1.000000/2020.000000,19,1.000000/2.000000/2020.000000,8,13
8,F-35,LH MLG Drage Brace Assy - Replace,1.000000/1.000000/2020.000000,19,1.000000/1.000000/2020.000000,19,0
10,F-18,Main Gearbox Assembly - Replace,1.000000/1.000000/2020.000000,19,1.000000/1.000000/2020.000000,21,2
7,F-18,Horizontal Tail Actuator - Repair,1.000000/1.000000/2020.000000,19,1.000000/2.000000/2020.000000,9,14
11,F-35,LH MLG Drage Brace Assy - Replace,1.000000/1.000000/2020.000000,19,1.000000/2.000000/2020.000000,6,11
12,F-18,Main Gearbox Assembly - Replace,1.000000/1.000000/2020.000000,19,1.000000/2.000000/2020.000000,3,8
13,F-35,LH MLG Drage Brace Assy - Replace,1.000000/1.000000/2020.000000,20,1.000000/2.000000/2020.000000,8,12
8,F-35,LH MLG Drage Brace Assy - Replace,1.000000/1.000000/2020.000000,20,1.000000/1.000000/2020.000000,20,0
12,F-18,Main Gearbox Assembly - Replace,1.000000/1.000000/2020.000000,20,1.000000/2.000000/2020.000000,3,7
10,F-18,Main Gearbox Assembly - Replace,1.000000/1.000000/2020.000000,21,1.000000/1.000000/2020.000000,21,0
13,F-35,LH MLG Drage Brace Assy - Replace,1.000000/1.000000/2020.000000,21,1.000000/2.000000/2020.000000,8,11
8,F-35,LH MLG Drage Brace Assy - Replace,1.000000/1.000000/2020.000000,21,1.000000/1.000000/2020.000000,23,2
9,F-35,LH MLG Drage Brace Assy - Replace,1.000000/1.000000/2020.000000,22,1.000000/2.000000/2020.000000,4,6
11,F-35,LH MLG Drage Brace Assy - Replace,1.000000/1.000000/2020.000000,22,1.000000/2.000000/2020.000000,6,8
10,F-18,Main Gearbox Assembly - Replace,1.000000/1.000000/2020.000000,22,1.000000/1.000000/2020.000000,22,0
13,F-35,LH MLG Drage Brace Assy - Replace,1.000000/1.000000/2020.000000,22,1.000000/2.000000/2020.000000,8,10
8,F-35,LH MLG Drage Brace Assy - Replace,1.000000/1.000000/2020.000000,22,1.000000/1.000000/2020.000000,23,1
12,F-18,Main Gearbox Assembly - Replace,1.000000/1.000000/2020.000000,23,1.000000/2.000000/2020.000000,3,4
7,F-18,Horizontal Tail Actuator - Repair,1.000000/1.000000/2020.000000,23,1.000000/2.000000/2020.000000,9,10
13,F-35,LH MLG Drage Brace Assy - Replace,1.000000/1.000000/2020.000000,23,1.000000/2.000000/2020.000000,8,9
8,F-35,Heat Exchanger Temp Sensor - Replace,1.000000/1.000000/2020.000000,23,0.000000/0.000000/0.000000,0,-1
14,F-18,Main Gearbox Assembly - Replace,1.000000/2.000000/2020.000000,0,1.000000/2.000000/2020.000000,10,10
15,F-35,LH MLG Drage Brace Assy - Replace,1.000000/2.000000/2020.000000,0,1.000000/2.000000/2020.000000,12,12
9,F-35,LH MLG Drage Brace Assy - Replace,1.000000/2.000000/2020.000000,0,1.000000/2.000000/2020.000000,4,4
10,F-18,Horizontal Tail Actuator - Repair,1.000000/2.000000/2020.000000,0,1.000000/2.000000/2020.000000,16,16
13,F-35,LH MLG Drage Brace Assy - Replace,1.000000/2.000000/2020.000000,0,1.000000/2.000000/2020.000000,8,8
11,F-35,LH MLG Drage Brace Assy - Replace,1.000000/2.000000/2020.000000,1,1.000000/2.000000/2020.000000,6,5
12,F-18,Main Gearbox Assembly - Replace,1.000000/2.000000/2020.000000,1,1.000000/2.000000/2020.000000,3,2
14,F-18,Main Gearbox Assembly - Replace,1.000000/2.000000/2020.000000,1,1.000000/2.000000/2020.000000,10,9
15,F-35,LH MLG Drage Brace Assy - Replace,1.000000/2.000000/2020.000000,1,1.000000/2.000000/2020.000000,12,11
10,F-18,Horizontal Tail Actuator - Repair,1.000000/2.000000/2020.000000,1,1.000000/2.000000/2020.000000,16,15
13,F-35,LH MLG Drage Brace Assy - Replace,1.000000/2.000000/2020.000000,1,1.000000/2.000000/2020.000000,8,7
9,F-35,LH MLG Drage Brace Assy - Replace,1.000000/2.000000/2020.000000,2,1.000000/2.000000/2020.000000,4,2
7,F-18,Horizontal Tail Actuator - Repair,1.000000/2.000000/2020.000000,2,1.000000/2.000000/2020.000000,9,7
14,F-18,Main Gearbox Assembly - Replace,1.000000/2.000000/2020.000000,2,1.000000/2.000000/2020.000000,10,8
15,F-35,LH MLG Drage Brace Assy - Replace,1.000000/2.000000/2020.000000,2,1.000000/2.000000/2020.000000,12,10
11,F-35,LH MLG Drage Brace Assy - Replace,1.000000/2.000000/2020.000000,3,1.000000/2.000000/2020.000000,6,3
12,F-18,Main Gearbox Assembly - Replace,1.000000/2.000000/2020.000000,3,1.000000/2.000000/2020.000000,3,0
10,F-18,Horizontal Tail Actuator - Repair,1.000000/2.000000/2020.000000,3,1.000000/2.000000/2020.000000,16,13
14,F-18,Main Gearbox Assembly - Replace,1.000000/2.000000/2020.000000,3,1.000000/2.000000/2020.000000,10,7
15,F-35,LH MLG Drage Brace Assy - Replace,1.000000/2.000000/2020.000000,3,1.000000/2.000000/2020.000000,12,9
13,F-35,LH MLG Drage Brace Assy - Replace,1.000000/2.000000/2020.000000,4,1.000000/2.000000/2020.000000,8,4
16,F-35,LH MLG Drage Brace Assy - Replace,1.000000/2.000000/2020.000000,4,0.000000/0.000000/0.000000,0,-1
9,F-35,LH MLG Drage Brace Assy - Replace,1.000000/2.000000/2020.000000,4,1.000000/2.000000/2020.000000,4,0
12,F-18,Main Gearbox Assembly - Replace,1.000000/2.000000/2020.000000,4,1.000000/2.000000/2020.000000,4,0
14,F-18,Main Gearbox Assembly - Replace,1.000000/2.000000/2020.000000,4,1.000000/2.000000/2020.000000,10,6
15,F-35,LH MLG Drage Brace Assy - Replace,1.000000/2.000000/2020.000000,4,1.000000/2.000000/2020.000000,12,8
16,F-35,LH MLG Drage Brace Assy - Replace,1.000000/2.000000/2020.000000,5,0.000000/0.000000/0.000000,0,-1
9,F-35,LH MLG Drage Brace Assy - Replace,1.000000/2.000000/2020.000000,5,1.000000/2.000000/2020.000000,5,0
12,F-18,Horizontal Tail Actuator - Repair,1.000000/2.000000/2020.000000,5,0.000000/0.000000/0.000000,0,-1
15,F-35,LH MLG Drage Brace Assy - Replace,1.000000/2.000000/2020.000000,5,1.000000/2.000000/2020.000000,12,7
7,F-18,Horizontal Tail Actuator - Repair,1.000000/2.000000/2020.000000,6,1.000000/2.000000/2020.000000,9,3
11,F-35,LH MLG Drage Brace Assy - Replace,1.000000/2.000000/2020.000000,6,1.000000/2.000000/2020.000000,6,0
10,F-18,Horizontal Tail Actuator - Repair,1.000000/2.000000/2020.000000,6,1.000000/2.000000/2020.000000,16,10
13,F-35,LH MLG Drage Brace Assy - Replace,1.000000/2.000000/2020.000000,6,1.000000/2.000000/2020.000000,8,2
16,F-35,LH MLG Drage Brace Assy - Replace,1.000000/2.000000/2020.000000,6,0.000000/0.000000/0.000000,0,-1
9,F-35,LH MLG Drage Brace Assy - Replace,1.000000/2.000000/2020.000000,6,1.000000/2.000000/2020.000000,8,2
15,F-35,LH MLG Drage Brace Assy - Replace,1.000000/2.000000/2020.000000,6,1.000000/2.000000/2020.000000,12,6
15,F-35,LH MLG Drage Brace Assy - Replace,1.000000/2.000000/2020.000000,7,1.000000/2.000000/2020.000000,12,5
12,F-18,Horizontal Tail Actuator - Repair,1.000000/2.000000/2020.000000,7,0.000000/0.000000/0.000000,0,-1
11,F-35,LH MLG Drage Brace Assy - Replace,1.000000/2.000000/2020.000000,7,1.000000/2.000000/2020.000000,7,0
16,F-35,LH MLG Drage Brace Assy - Replace,1.000000/2.000000/2020.000000,7,0.000000/0.000000/0.000000,0,-1
9,F-35,LH MLG Drage Brace Assy - Replace,1.000000/2.000000/2020.000000,7,1.000000/2.000000/2020.000000,8,1
14,F-18,Main Gearbox Assembly - Replace,1.000000/2.000000/2020.000000,8,1.000000/2.000000/2020.000000,10,2
10,F-18,Horizontal Tail Actuator - Repair,1.000000/2.000000/2020.000000,8,1.000000/2.000000/2020.000000,16,8
13,F-35,LH MLG Drage Brace Assy - Replace,1.000000/2.000000/2020.000000,8,1.000000/2.000000/2020.000000,8,0
12,F-18,Horizontal Tail Actuator - Repair,1.000000/2.000000/2020.000000,8,0.000000/0.000000/0.000000,0,-1
11,F-35,LH MLG Drage Brace Assy - Replace,1.000000/2.000000/2020.000000,8,1.000000/2.000000/2020.000000,10,2
16,F-35,LH MLG Drage Brace Assy - Replace,1.000000/2.000000/2020.000000,8,0.000000/0.000000/0.000000,0,-1
9,F-35,Heat Exchanger Temp Sensor - Replace,1.000000/2.000000/2020.000000,8,1.000000/2.000000/2020.000000,21,13
17,F-18,Main Gearbox Assembly - Replace,1.000000/2.000000/2020.000000,8,1.000000/2.000000/2020.000000,22,14
18,F-35,LH MLG Drage Brace Assy - Replace,1.000000/2.000000/2020.000000,9,0.000000/0.000000/0.000000,0,-1
7,F-18,Horizontal Tail Actuator - Repair,1.000000/2.000000/2020.000000,9,1.000000/2.000000/2020.000000,9,0
15,F-35,LH MLG Drage Brace Assy - Replace,1.000000/2.000000/2020.000000,9,1.000000/2.000000/2020.000000,12,3
13,F-35,LH MLG Drage Brace Assy - Replace,1.000000/2.000000/2020.000000,9,1.000000/2.000000/2020.000000,9,0
11,F-35,LH MLG Drage Brace Assy - Replace,1.000000/2.000000/2020.000000,9,1.000000/2.000000/2020.000000,10,1
16,F-35,LH MLG Drage Brace Assy - Replace,1.000000/2.000000/2020.000000,9,0.000000/0.000000/0.000000,0,-1
9,F-35,Heat Exchanger Temp Sensor - Replace,1.000000/2.000000/2020.000000,9,1.000000/2.000000/2020.000000,21,12
17,F-18,Main Gearbox Assembly - Replace,1.000000/2.000000/2020.000000,9,1.000000/2.000000/2020.000000,22,13
17,F-18,Main Gearbox Assembly - Replace,1.000000/2.000000/2020.000000,10,1.000000/2.000000/2020.000000,22,12
14,F-18,Main Gearbox Assembly - Replace,1.000000/2.000000/2020.000000,10,1.000000/2.000000/2020.000000,10,0
18,F-35,LH MLG Drage Brace Assy - Replace,1.000000/2.000000/2020.000000,10,0.000000/0.000000/0.000000,0,-1
7,F-18,Horizontal Tail Actuator - Repair,1.000000/2.000000/2020.000000,10,1.000000/2.000000/2020.000000,10,0
13,F-35,LH MLG Drage Brace Assy - Replace,1.000000/2.000000/2020.000000,10,1.000000/2.000000/2020.000000,12,2
11,F-35,Heat Exchanger Temp Sensor - Replace,1.000000/2.000000/2020.000000,10,0.000000/0.000000/0.000000,0,-1
16,F-35,LH MLG Drage Brace Assy - Replace,1.000000/2.000000/2020.000000,10,0.000000/0.000000/0.000000,0,-1
9,F-35,Heat Exchanger Temp Sensor - Replace,1.000000/2.000000/2020.000000,10,1.000000/2.000000/2020.000000,21,11
7,F-18,Engine Oil Temp/Pressure Sensor - Replace,1.000000/2.000000/2020.000000,10,0.000000/0.000000/0.000000,0,-1
12,F-18,Horizontal Tail Actuator - Repair,1.000000/2.000000/2020.000000,11,0.000000/0.000000/0.000000,0,-1
17,F-18,Main Gearbox Assembly - Replace,1.000000/2.000000/2020.000000,11,1.000000/2.000000/2020.000000,22,11
14,F-18,Main Gearbox Assembly - Replace,1.000000/2.000000/2020.000000,11,1.000000/2.000000/2020.000000,11,0
18,F-35,LH MLG Drage Brace Assy - Replace,1.000000/2.000000/2020.000000,11,0.000000/0.000000/0.000000,0,-1
13,F-35,LH MLG Drage Brace Assy - Replace,1.000000/2.000000/2020.000000,11,1.000000/2.000000/2020.000000,12,1
11,F-35,Heat Exchanger Temp Sensor - Replace,1.000000/2.000000/2020.000000,11,0.000000/0.000000/0.000000,0,-1
9,F-35,Heat Exchanger Temp Sensor - Replace,1.000000/2.000000/2020.000000,11,1.000000/2.000000/2020.000000,21,10
7,F-18,Engine Oil Temp/Pressure Sensor - Replace,1.000000/2.000000/2020.000000,11,0.000000/0.000000/0.000000,0,-1
15,F-35,LH MLG Drage Brace Assy - Replace,1.000000/2.000000/2020.000000,12,1.000000/2.000000/2020.000000,12,0
17,F-18,Main Gearbox Assembly - Replace,1.000000/2.000000/2020.000000,12,1.000000/2.000000/2020.000000,22,10
14,F-18,Horizontal Tail Actuator - Repair,1.000000/2.000000/2020.000000,12,0.000000/0.000000/0.000000,0,-1
18,F-35,LH MLG Drage Brace Assy - Replace,1.000000/2.000000/2020.000000,12,0.000000/0.000000/0.000000,0,-1
13,F-35,Heat Exchanger Temp Sensor - Replace,1.000000/2.000000/2020.000000,12,0.000000/0.000000/0.000000,0,-1
11,F-35,Heat Exchanger Temp Sensor - Replace,1.000000/2.000000/2020.000000,12,0.000000/0.000000/0.000000,0,-1
9,F-35,Heat Exchanger Temp Sensor - Replace,1.000000/2.000000/2020.000000,12,1.000000/2.000000/2020.000000,21,9
7,F-18,Engine Oil Temp/Pressure Sensor - Replace,1.000000/2.000000/2020.000000,12,0.000000/0.000000/0.000000,0,-1
10,F-18,Horizontal Tail Actuator - Repair,1.000000/2.000000/2020.000000,13,1.000000/2.000000/2020.000000,16,3
16,F-35,LH MLG Drage Brace Assy - Replace,1.000000/2.000000/2020.000000,13,0.000000/0.000000/0.000000,0,-1
12,F-18,Horizontal Tail Actuator - Repair,1.000000/2.000000/2020.000000,13,0.000000/0.000000/0.000000,0,-1
15,F-35,LH MLG Drage Brace Assy - Replace,1.000000/2.000000/2020.000000,13,1.000000/2.000000/2020.000000,15,2
17,F-18,Main Gearbox Assembly - Replace,1.000000/2.000000/2020.000000,13,1.000000/2.000000/2020.000000,22,9
18,F-35,LH MLG Drage Brace Assy - Replace,1.000000/2.000000/2020.000000,13,0.000000/0.000000/0.000000,0,-1
13,F-35,Heat Exchanger Temp Sensor - Replace,1.000000/2.000000/2020.000000,13,0.000000/0.000000/0.000000,0,-1
11,F-35,Heat Exchanger Temp Sensor - Replace,1.000000/2.000000/2020.000000,13,0.000000/0.000000/0.000000,0,-1
9,F-35,Heat Exchanger Temp Sensor - Replace,1.000000/2.000000/2020.000000,13,1.000000/2.000000/2020.000000,21,8
7,F-18,Engine Oil Temp/Pressure Sensor - Replace,1.000000/2.000000/2020.000000,13,0.000000/0.000000/0.000000,0,-1
19,F-18,Main Gearbox Assembly - Replace,1.000000/2.000000/2020.000000,13,0.000000/0.000000/0.000000,0,-1
14,F-18,Horizontal Tail Actuator - Repair,1.000000/2.000000/2020.000000,14,0.000000/0.000000/0.000000,0,-1
18,F-35,LH MLG Drage Brace Assy - Replace,1.000000/2.000000/2020.000000,14,0.000000/0.000000/0.000000,0,-1
13,F-35,Heat Exchanger Temp Sensor - Replace,1.000000/2.000000/2020.000000,14,0.000000/0.000000/0.000000,0,-1
11,F-35,Heat Exchanger Temp Sensor - Replace,1.000000/2.000000/2020.000000,14,0.000000/0.000000/0.000000,0,-1
7,F-18,Engine Oil Temp/Pressure Sensor - Replace,1.000000/2.000000/2020.000000,14,0.000000/0.000000/0.000000,0,-1
15,F-35,LH MLG Drage Brace Assy - Replace,1.000000/2.000000/2020.000000,15,1.000000/2.000000/2020.000000,15,0
20,F-35,LH MLG Drage Brace Assy - Replace,1.000000/2.000000/2020.000000,15,0.000000/0.000000/0.000000,0,-1
18,F-35,LH MLG Drage Brace Assy - Replace,1.000000/2.000000/2020.000000,15,0.000000/0.000000/0.000000,0,-1
13,F-35,Heat Exchanger Temp Sensor - Replace,1.000000/2.000000/2020.000000,15,0.000000/0.000000/0.000000,0,-1
7,F-18,Engine Oil Temp/Pressure Sensor - Replace,1.000000/2.000000/2020.000000,15,0.000000/0.000000/0.000000,0,-1
14,F-18,Horizontal Tail Actuator - Repair,1.000000/2.000000/2020.000000,16,0.000000/0.000000/0.000000,0,-1
19,F-18,Main Gearbox Assembly - Replace,1.000000/2.000000/2020.000000,16,0.000000/0.000000/0.000000,0,-1
10,F-18,Horizontal Tail Actuator - Repair,1.000000/2.000000/2020.000000,16,1.000000/2.000000/2020.000000,16,0
16,F-35,LH MLG Drage Brace Assy - Replace,1.000000/2.000000/2020.000000,16,0.000000/0.000000/0.000000,0,-1
17,F-18,Main Gearbox Assembly - Replace,1.000000/2.000000/2020.000000,16,1.000000/2.000000/2020.000000,22,6
15,F-35,LH MLG Drage Brace Assy - Replace,1.000000/2.000000/2020.000000,16,0.000000/0.000000/0.000000,0,-1
20,F-35,LH MLG Drage Brace Assy - Replace,1.000000/2.000000/2020.000000,16,0.000000/0.000000/0.000000,0,-1
13,F-35,Heat Exchanger Temp Sensor - Replace,1.000000/2.000000/2020.000000,16,0.000000/0.000000/0.000000,0,-1
7,F-18,Engine Oil Temp/Pressure Sensor - Replace,1.000000/2.000000/2020.000000,16,0.000000/0.000000/0.000000,0,-1
12,F-18,Horizontal Tail Actuator - Repair,1.000000/2.000000/2020.000000,17,0.000000/0.000000/0.000000,0,-1
14,F-18,Horizontal Tail Actuator - Repair,1.000000/2.000000/2020.000000,17,0.000000/0.000000/0.000000,0,-1
19,F-18,Main Gearbox Assembly - Replace,1.000000/2.000000/2020.000000,17,0.000000/0.000000/0.000000,0,-1
20,F-35,LH MLG Drage Brace Assy - Replace,1.000000/2.000000/2020.000000,17,0.000000/0.000000/0.000000,0,-1
18,F-35,LH MLG Drage Brace Assy - Replace,1.000000/2.000000/2020.000000,18,0.000000/0.000000/0.000000,0,-1
10,F-18,Horizontal Tail Actuator - Repair,1.000000/2.000000/2020.000000,18,1.000000/2.000000/2020.000000,21,3
20,F-35,LH MLG Drage Brace Assy - Replace,1.000000/2.000000/2020.000000,18,0.000000/0.000000/0.000000,0,-1
21,F-18,Main Gearbox Assembly - Replace,1.000000/2.000000/2020.000000,18,0.000000/0.000000/0.000000,0,-1
9,F-35,Heat Exchanger Temp Sensor - Replace,1.000000/2.000000/2020.000000,19,1.000000/2.000000/2020.000000,21,2
22,F-35,LH MLG Drage Brace Assy - Replace,1.000000/2.000000/2020.000000,19,0.000000/0.000000/0.000000,0,-1
17,F-18,Main Gearbox Assembly - Replace,1.000000/2.000000/2020.000000,19,1.000000/2.000000/2020.000000,22,3
14,F-18,Horizontal Tail Actuator - Repair,1.000000/2.000000/2020.000000,19,0.000000/0.000000/0.000000,0,-1
20,F-35,LH MLG Drage Brace Assy - Replace,1.000000/2.000000/2020.000000,19,0.000000/0.000000/0.000000,0,-1
9,F-35,Heat Exchanger Temp Sensor - Replace,1.000000/2.000000/2020.000000,20,1.000000/2.000000/2020.000000,21,1
20,F-35,LH MLG Drage Brace Assy - Replace,1.000000/2.000000/2020.000000,20,0.000000/0.000000/0.000000,0,-1
10,F-18,Horizontal Tail Actuator - Repair,1.000000/2.000000/2020.000000,21,1.000000/2.000000/2020.000000,21,0
9,F-35,Heat Exchanger Temp Sensor - Replace,1.000000/2.000000/2020.000000,21,1.000000/2.000000/2020.000000,21,0
18,F-35,LH MLG Drage Brace Assy - Replace,1.000000/2.000000/2020.000000,21,0.000000/0.000000/0.000000,0,-1
20,F-35,LH MLG Drage Brace Assy - Replace,1.000000/2.000000/2020.000000,21,0.000000/0.000000/0.000000,0,-1
21,F-18,Main Gearbox Assembly - Replace,1.000000/2.000000/2020.000000,22,0.000000/0.000000/0.000000,0,-1
17,F-18,Main Gearbox Assembly - Replace,1.000000/2.000000/2020.000000,22,1.000000/2.000000/2020.000000,22,0
12,F-18,Horizontal Tail Actuator - Repair,1.000000/2.000000/2020.000000,22,0.000000/0.000000/0.000000,0,-1
14,F-18,Horizontal Tail Actuator - Repair,1.000000/2.000000/2020.000000,22,0.000000/0.000000/0.000000,0,-1
10,F-18,Engine Oil Temp/Pressure Sensor - Replace,1.000000/2.000000/2020.000000,22,0.000000/0.000000/0.000000,0,-1
9,F-35,Heat Exchanger Temp Sensor - Replace,1.000000/2.000000/2020.000000,22,0.000000/0.000000/0.000000,0,-1
8,F-35,Heat Exchanger Temp Sensor - Replace,1.000000/3.000000/2020.000000,0,0.000000/0.000000/0.000000,0,-1
23,F-35,LH MLG Drage Brace Assy - Replace,1.000000/3.000000/2020.000000,0,0.000000/0.000000/0.000000,0,-1
20,F-35,LH MLG Drage Brace Assy - Replace,1.000000/3.000000/2020.000000,0,0.000000/0.000000/0.000000,0,-1
17,F-18,Main Gearbox Assembly - Replace,1.000000/3.000000/2020.000000,0,0.000000/0.000000/0.000000,0,-1
24,F-18,Main Gearbox Assembly - Replace,1.000000/3.000000/2020.000000,0,0.000000/0.000000/0.000000,0,-1
8,F-35,Heat Exchanger Temp Sensor - Replace,1.000000/3.000000/2020.000000,1,0.000000/0.000000/0.000000,0,-1
8,F-35,Heat Exchanger Temp Sensor - Replace,1.000000/3.000000/2020.000000,2,0.000000/0.000000/0.000000,0,-1
20,F-35,LH MLG Drage Brace Assy - Replace,1.000000/3.000000/2020.000000,3,0.000000/0.000000/0.000000,0,-1
8,F-35,Heat Exchanger Temp Sensor - Replace,1.000000/3.000000/2020.000000,3,0.000000/0.000000/0.000000,0,-1
14,F-18,Horizontal Tail Actuator - Repair,1.000000/3.000000/2020.000000,4,0.000000/0.000000/0.000000,0,-1
11,F-35,Heat Exchanger Temp Sensor - Replace,1.000000/3.000000/2020.000000,5,0.000000/0.000000/0.000000,0,-1
13,F-35,Heat Exchanger Temp Sensor - Replace,1.000000/3.000000/2020.000000,5,0.000000/0.000000/0.000000,0,-1
11,F-35,Heat Exchanger Temp Sensor - Replace,1.000000/3.000000/2020.000000,6,0.000000/0.000000/0.000000,0,-1
13,F-35,Heat Exchanger Temp Sensor - Replace,1.000000/3.000000/2020.000000,6,0.000000/0.000000/0.000000,0,-1
25,F-18,Main Gearbox Assembly - Replace,1.000000/3.000000/2020.000000,7,0.000000/0.000000/0.000000,0,-1
14,F-18,Horizontal Tail Actuator - Repair,1.000000/3.000000/2020.000000,8,0.000000/0.000000/0.000000,0,-1
26,F-18,Main Gearbox Assembly - Replace,1.000000/3.000000/2020.000000,14,0.000000/0.000000/0.000000,0,-1
8,F-35,Heat Exchanger Temp Sensor - Replace,1.000000/3.000000/2020.000000,15,0.000000/0.000000/0.000000,0,-1
11,F-35,Heat Exchanger Temp Sensor - Replace,1.000000/3.000000/2020.000000,16,0.000000/0.000000/0.000000,0,-1
8,F-35,Heat Exchanger Temp Sensor - Replace,1.000000/3.000000/2020.000000,16,0.000000/0.000000/0.000000,0,-1
13,F-35,Heat Exchanger Temp Sensor - Replace,1.000000/3.000000/2020.000000,17,0.000000/0.000000/0.000000,0,-1
11,F-35,Heat Exchanger Temp Sensor - Replace,1.000000/3.000000/2020.000000,17,0.000000/0.000000/0.000000,0,-1
8,F-35,Heat Exchanger Temp Sensor - Replace,1.000000/3.000000/2020.000000,18,0.000000/0.000000/0.000000,0,-1
13,F-35,Heat Exchanger Temp Sensor - Replace,1.000000/3.000000/2020.000000,18,0.000000/0.000000/0.000000,0,-1
8,F-35,Heat Exchanger Temp Sensor - Replace,1.000000/3.000000/2020.000000,19,0.000000/0.000000/0.000000,0,-1
21,F-18,Main Gearbox Assembly - Replace,1.000000/3.000000/2020.000000,23,0.000000/0.000000/0.000000,0,-1
4,F-35,28 VDC Battery - Replacement,2.000000/9.000000/2020.000000,0,0.000000/0.000000/0.000000,0,-1
5,F-35,Canopy FLSC - Replacement,2.000000/9.000000/2020.000000,0,0.000000/0.000000/0.000000,0,-1
3,F-18,LG Alternate Release - Inspection,2.000000/15.000000/2020.000000,0,0.000000/0.000000/0.000000,0,-1
6,F-18,Tail Hook - Replacement,2.000000/15.000000/2020.000000,0,0.000000/0.000000/0.000000,0,-1
27,F-35,Annual Ejection Seat - Inspection,1.000000/1.000000/2021.000000,0,0.000000/0.000000/0.000000,0,-1
28,F-35,Annual Ejection Seat - Inspection,1.000000/1.000000/2022.000000,0,0.000000/0.000000/0.000000,0,-1
29,F-35,Annual Ejection Seat - Inspection,1.000000/1.000000/2023.000000,0,0.000000/0.000000/0.000000,0,-1
30,F-35,Annual Ejection Seat - Inspection,1.000000/1.000000/2024.000000,0,0.000000/0.000000/0.000000,0,-1
31,F-35,Annual Ejection Seat - Inspection,1.000000/1.000000/2025.000000,0,0.000000/0.000000/0.000000,0,-1
32,F-35,Annual Ejection Seat - Inspection,1.000000/1.000000/2026.000000,0,0.000000/0.000000/0.000000,0,-1
33,F-35,Annual Ejection Seat - Inspection,1.000000/1.000000/2027.000000,0,0.000000/0.000000/0.000000,0,-1
34,F-35,Annual Ejection Seat - Inspection,1.000000/1.000000/2028.000000,0,0.000000/0.000000/0.000000,0,-1
35,F-35,Annual Ejection Seat - Inspection,1.000000/1.000000/2029.000000,0,0.000000/0.000000/0.000000,0,-1
36,F-35,Annual Ejection Seat - Inspection,1.000000/1.000000/2030.000000,0,0.000000/0.000000/0.000000,0,-1
,,,,,,,
Reworks,,,,,,,
Run 1,,,,,,,
Aircraft or Resource Type,Rework Event,Date,Duration,,,,
,,,,,,,
Parts Requests,,,,,,,
Run 1,,,,,,,
Part,Number Used,Times Requested,Unsuccessful Requests,,,,
G/Box Module,13,10,3,,,,
Drag Brace,23,16,7,,,,
Horiz Stab Actuator,8,8,0,,,,
H/E Sensor,30,8,7,,,,
Eng Temp/Press Sensor,2,2,0,,,,
,,,,,,,
Restocking,,,,,,,
Run 1,,,,,,,
Part,Date Ordered,TUA,,,,,
G/Box Module,1.000000/1.000000/2020,3.656115,,,,,
Drag Brace,1.000000/1.000000/2020,6.337906,,,,,
G/Box Module,1.000000/1.000000/2020,5.027444,,,,,
G/Box Module,1.000000/1.000000/2020,5.384008,,,,,
Drag Brace,1.000000/1.000000/2020,4.948772,,,,,
Drag Brace,1.000000/1.000000/2020,4.415576,,,,,
G/Box Module,1.000000/1.000000/2020,5.87997,,,,,
G/Box Module,1.000000/1.000000/2020,5.888981,,,,,
G/Box Module,1.000000/1.000000/2020,5.249016,,,,,
Drag Brace,1.000000/1.000000/2020,6.584492,,,,,
Drag Brace,1.000000/1.000000/2020,5.576572,,,,,
Drag Brace,1.000000/1.000000/2020,4.991127,,,,,
Drag Brace,1.000000/1.000000/2020,3.969613,,,,,
G/Box Module,1.000000/1.000000/2020,6.250767,,,,,
G/Box Module,1.000000/1.000000/2020,4.941624,,,,,
G/Box Module,1.000000/2.000000/2020,5.014052,,,,,
Drag Brace,1.000000/2.000000/2020,6.206594,,,,,
Drag Brace,1.000000/2.000000/2020,4.815149,,,,,
Horiz Stab Actuator,1.000000/2.000000/2020,4.642846,,,,,
Drag Brace,1.000000/2.000000/2020,5.394928,,,,,
Drag Brace,1.000000/2.000000/2020,5.666097,,,,,
Drag Brace,1.000000/2.000000/2020,5.501534,,,,,
Drag Brace,1.000000/2.000000/2020,5.106886,,,,,
G/Box Module,1.000000/2.000000/2020,5.297916,,,,,
Horiz Stab Actuator,1.000000/2.000000/2020,5.39924,,,,,
Drag Brace,1.000000/2.000000/2020,4.920919,,,,,
Drag Brace,1.000000/2.000000/2020,5.503592,,,,,
Drag Brace,1.000000/2.000000/2020,5.176677,,,,,
G/Box Module,1.000000/2.000000/2020,5.164123,,,,,
Horiz Stab Actuator,1.000000/2.000000/2020,4.16758,,,,,
Drag Brace,1.000000/2.000000/2020,5.471347,,,,,
Drag Brace,1.000000/2.000000/2020,4.967872,,,,,
H/E Sensor,1.000000/2.000000/2020,6.039813,,,,,
Horiz Stab Actuator,1.000000/2.000000/2020,3.711344,,,,,
Drag Brace,1.000000/2.000000/2020,4.758658,,,,,
Horiz Stab Actuator,1.000000/2.000000/2020,5.410629,,,,,
G/Box Module,1.000000/2.000000/2020,6.025823,,,,,
Eng Temp/Press Sensor,1.000000/2.000000/2020,10.678125,,,,,
Drag Brace,1.000000/2.000000/2020,5.162089,,,,,
Eng Temp/Press Sensor,1.000000/2.000000/2020,8.540981,,,,,
G/Box Module,1.000000/2.000000/2020,4.748794,,,,,
Horiz Stab Actuator,1.000000/2.000000/2020,6.559558,,,,,
Drag Brace,1.000000/2.000000/2020,4.261648,,,,,
H/E Sensor,1.000000/2.000000/2020,9.224282,,,,,
H/E Sensor,1.000000/2.000000/2020,9.877101,,,,,
Drag Brace,1.000000/2.000000/2020,6.651137,,,,,
Horiz Stab Actuator,1.000000/2.000000/2020,5.521553,,,,,
Drag Brace,1.000000/3.000000/2020,4.792619,,,,,
Horiz Stab Actuator,1.000000/3.000000/2020,4.012756,,,,,
H/E Sensor,1.000000/3.000000/2020,9.037095,,,,,
H/E Sensor,1.000000/3.000000/2020,10.911972,,,,,
H/E Sensor,1.000000/3.000000/2020,12.149759,,,,,
H/E Sensor,1.000000/3.000000/2020,11.32099,,,,,
H/E Sensor,1.000000/3.000000/2020,8.301866,,,,,
H/E Sensor,1.000000/3.000000/2020,10.149935,,,,,
H/E Sensor,1.000000/3.000000/2020,12.309669,,,,,
H/E Sensor,1.000000/3.000000/2020,10.177334,,,,,
H/E Sensor,1.000000/3.000000/2020,9.737522,,,,,
H/E Sensor,1.000000/3.000000/2020,7.801331,,,,,
H/E Sensor,1.000000/3.000000/2020,12.221401,,,,,
H/E Sensor,1.000000/3.000000/2020,7.888054,,,,,
